epoch,loss
0,0.002465579346608138
1,0.0010465350953745656
